{"color-set":{"site-bg-color-main":"rgba(255,255,255,1.00)","main_text_colot":"rgba(14,14,14,1.00)","primary_color":"","primary-text-color":"","secondary-color":"rgba(24,24,24,1.00)","secondary-text-color":"","global_input_bg":"","global_input_border":"","global_input_text":""},"btn_color":{"global_btn_bg":"","global_btn_border":"","global_btn_text":"","global_btn_bg_hvr":"","global_btn_border_hvr":"","global_btn_text_hvr":""},"link_color":{"color":"","hover":""},"extra_color_itemd":"1","body_color_2":"#333F4D","body_color_3":"rgba(81,223,207,1.00)","global_white_color":"rgba(24,24,24,1.00)","global_light_stroke":"#ECEFF2","global_extra_bg_color":"rgba(255,255,255,1.00)","global_dark_color":"rgba(220,249,245,1.00)","global_border_color":"#616670","global_footer_color":"#616670","gloabal_width_1400":"1320","gloabal_width_1200":"1140","elementor-width-overwrite":"","overwrite-elem-width":"1140","heading-one":{"font-family":"","font-weight":"","font-style":"","subset":"","text-transform":"","font-size":"","line-height":"","letter-spacing":"","color":"","type":"","unit":"rem"},"heading-two":{"font-family":"","font-weight":"","font-style":"","subset":"","text-transform":"","font-size":"","line-height":"","letter-spacing":"","color":"","type":"","unit":"rem"},"heading-three":{"font-family":"","font-weight":"","font-style":"","subset":"","text-transform":"","font-size":"","line-height":"","letter-spacing":"","color":"","type":"","unit":"rem"},"heading-four":{"font-family":"","font-weight":"","font-style":"","subset":"","text-transform":"","font-size":"","line-height":"","letter-spacing":"","color":"","type":"","unit":"rem"},"heading-five":{"font-family":"","font-weight":"","font-style":"","subset":"","text-transform":"","font-size":"","line-height":"","letter-spacing":"","color":"","type":"","unit":"rem"},"heading-six":{"font-family":"","font-weight":"","font-style":"","subset":"","text-transform":"","font-size":"","line-height":"","letter-spacing":"","color":"","type":"","unit":"rem"},"paragraph_typo":{"font-family":"Rubik","font-weight":"normal","font-style":"","subset":"","text-transform":"","font-size":"","line-height":"","letter-spacing":"","type":"google","unit":"rem"},"alt_typo":{"font-family":"Rajdhani","font-weight":"normal","font-style":"","subset":"","type":"google","unit":"px"},"main-logo":{"url":"https:\/\/nestbyte.themepreview.xyz\/home02\/wp-content\/uploads\/sites\/3\/2024\/01\/balck_logo.svg","id":"34","width":"163","height":"60","thumbnail":"https:\/\/nestbyte.themepreview.xyz\/home02\/wp-content\/uploads\/sites\/3\/2024\/01\/balck_logo.svg","alt":"","title":"balck_logo","description":""},"nestbyte-favicon":{"url":"https:\/\/nestbyte.themepreview.xyz\/home02\/wp-content\/uploads\/sites\/3\/2024\/01\/lightlogo.png","id":"25","width":"163","height":"60","thumbnail":"https:\/\/nestbyte.themepreview.xyz\/home02\/wp-content\/uploads\/sites\/3\/2024\/01\/lightlogo-150x60.png","alt":"","title":"lightlogo","description":""},"logo-width":"180","nestbyte-header-style":"style-two","header_phone_number_fieldset":{"header_phone_svg_switcher":"","header_phone_icon":"","header_phone_svg":{"url":"","id":"","width":"","height":"","thumbnail":"","alt":"","title":"","description":""},"header_phone_number":""},"top_header_on_off_switcher":"1","header_email_fieldset_home_two":{"header_email_icon":"fas fa-envelope","header_email_address":"info@example.com"},"header_location_fieldset_home_two":{"header_location_icon":"fas fa-map-marker-alt","header_location_address":"791 Douglas, Collinsville, Virginia, USA"},"header_phone_number_fieldset_home_two":{"header_phone_icon":"fas fa-phone","header_phone_number":"(629) 555-0129"},"home_two_header_social_repeater":[{"social_icon":"fab fa-facebook-f","social_link":{"url":"https:\/\/www.facebook.com\/","text":"","target":""}},{"social_icon":"fab fa-linkedin-in","social_link":{"url":"https:\/\/www.linkedin.com\/","text":"","target":""}},{"social_icon":"fab fa-instagram","social_link":{"url":"https:\/\/www.instagram.com\/","text":"","target":""}},{"social_icon":"fab fa-pinterest-p","social_link":{"url":"https:\/\/www.pinterest.com\/","text":"","target":""}}],"header_search_on_off_switcher":"1","header_offcanvas_on_off_switcher":"1","offcanvas_description":"Distrak Street 2SK Line, Germanygalore@inside-support.com (+125) 2156-2145","offcanvas_gallery_img_group":[{"offcanvas_gallery_img_link":{"url":"https:\/\/www.linkedin.com\/","text":"","target":""},"offcanvas_gallery_img":{"url":"https:\/\/nestbyte.themepreview.xyz\/home02\/wp-content\/uploads\/sites\/3\/2024\/01\/6.jpg","id":"18","width":"285","height":"285","thumbnail":"https:\/\/nestbyte.themepreview.xyz\/home02\/wp-content\/uploads\/sites\/3\/2024\/01\/6-150x150.jpg","alt":"","title":"6","description":""}},{"offcanvas_gallery_img_link":{"url":"https:\/\/www.linkedin.com\/","text":"","target":""},"offcanvas_gallery_img":{"url":"https:\/\/nestbyte.themepreview.xyz\/home02\/wp-content\/uploads\/sites\/3\/2024\/01\/5.jpg","id":"17","width":"285","height":"285","thumbnail":"https:\/\/nestbyte.themepreview.xyz\/home02\/wp-content\/uploads\/sites\/3\/2024\/01\/5-150x150.jpg","alt":"","title":"5","description":""}},{"offcanvas_gallery_img_link":{"url":"https:\/\/www.linkedin.com\/","text":"","target":""},"offcanvas_gallery_img":{"url":"https:\/\/nestbyte.themepreview.xyz\/home02\/wp-content\/uploads\/sites\/3\/2024\/01\/4.jpg","id":"16","width":"285","height":"285","thumbnail":"https:\/\/nestbyte.themepreview.xyz\/home02\/wp-content\/uploads\/sites\/3\/2024\/01\/4-150x150.jpg","alt":"","title":"4","description":""}},{"offcanvas_gallery_img_link":{"url":"https:\/\/www.linkedin.com\/","text":"","target":""},"offcanvas_gallery_img":{"url":"https:\/\/nestbyte.themepreview.xyz\/home02\/wp-content\/uploads\/sites\/3\/2024\/01\/3.jpg","id":"15","width":"285","height":"285","thumbnail":"https:\/\/nestbyte.themepreview.xyz\/home02\/wp-content\/uploads\/sites\/3\/2024\/01\/3-150x150.jpg","alt":"","title":"3","description":""}},{"offcanvas_gallery_img_link":{"url":"https:\/\/www.linkedin.com\/","text":"","target":""},"offcanvas_gallery_img":{"url":"https:\/\/nestbyte.themepreview.xyz\/home02\/wp-content\/uploads\/sites\/3\/2024\/01\/2.jpg","id":"14","width":"285","height":"285","thumbnail":"https:\/\/nestbyte.themepreview.xyz\/home02\/wp-content\/uploads\/sites\/3\/2024\/01\/2-150x150.jpg","alt":"","title":"2","description":""}},{"offcanvas_gallery_img_link":{"url":"https:\/\/www.linkedin.com\/","text":"","target":""},"offcanvas_gallery_img":{"url":"https:\/\/nestbyte.themepreview.xyz\/home02\/wp-content\/uploads\/sites\/3\/2024\/01\/1.jpg","id":"13","width":"285","height":"285","thumbnail":"https:\/\/nestbyte.themepreview.xyz\/home02\/wp-content\/uploads\/sites\/3\/2024\/01\/1-150x150.jpg","alt":"","title":"1","description":""}}],"offcanvas_newsletter_title":"Newsletter","offcanvas_newsletter_shortcode":"[contact-form-7 id=\"71bc004\" title=\"Offcanvas Newsletter\"]","top_header_bg_color_style_two":"rgba(238, 252, 250, 1)","Top-Header-Content-color":"#0e0e0e","Top-Header-icon-color":"#0e0e0e","Top-Header-social-hover-color":"#51dfcf","Top-Header-border-color":"#51dfcf","main_header_color":"rgba(220, 249, 245, 1)","main-header-border-bottom-color":"#bcbcbc","nav-color":"#0e0e0e","dropdown-nav-color":"#ffffff","nav-Border-color":"","nav-Hover-color":"#51dfcf","Phone-Number-color":"","Phone-Number-hover-color":"","Search-Icon-color":"#0e0e0e","Search-Input-text-color":"#0e0e0e","Offcanvas-Icon-color":"#0e0e0e","Offcanvas-Icon-BG-color":"","Offcanvas-Description-color":"#0e0e0e","nl_bredcrumb_typography_left":{"font-family":"","font-weight":"","font-style":"","subset":"","text-align":"","text-transform":"","font-size":"","line-height":"","letter-spacing":"","color":"#0e0e0e","type":"","unit":"px"},"nl_bredcrumb_typography_right":{"font-family":"","font-weight":"","font-style":"","subset":"","text-align":"","text-transform":"","font-size":"","line-height":"","letter-spacing":"","color":"#0e0e0e","type":"","unit":"px"},"nl_bredcrumb_color":"rgba(14,14,14,1.00)","nl_bredcrumb_hover_color":"","nl_bredcrumb_bg_image":{"background-color":"rgba(220,249,245,0.98)","background-gradient-color":"rgba(220,249,245,0.95)","background-gradient-direction":"to bottom","background-image":{"url":"https:\/\/nestbyte.themepreview.xyz\/home02\/wp-content\/uploads\/sites\/3\/2024\/02\/bredcrumb.png","id":"744","width":"1920","height":"450","thumbnail":"https:\/\/nestbyte.themepreview.xyz\/home02\/wp-content\/uploads\/sites\/3\/2024\/02\/bredcrumb-150x150.png","alt":"","title":"bredcrumb","description":""},"background-position":"left top","background-repeat":"no-repeat","background-attachment":"","background-size":"cover","background-origin":"","background-clip":"","background-blend-mode":""},"x_breadcrumb_margin":{"top":"0","right":"0","bottom":"0","left":"0","unit":"px"},"x_breadcrumb_padding":{"top":"0","right":"15","bottom":"0","left":"15","unit":"px"},"enable_disable_preloader":"enabled","preloader_bg":"","preloader_image":{"url":"","id":"","width":"","height":"","thumbnail":"","alt":"","title":"","description":""},"select_footer_blocks":"","back-top-top-enable":"enabled","backto_top_bg":"","backto_top_txt":"","backto_top_bg_hvr":"","backto_top_txt_hvr":"","footer_copyright_enable":"1","copyright_text":"\u00a9 Nestbyte 2024 | All Rights Reserved","footer_item_list":[{"footer_list_text":"Trams & Condition","footer_list_link":{"url":"","text":"","target":""}},{"footer_list_text":"Privacy Policy","footer_list_link":{"url":"","text":"","target":""}},{"footer_list_text":"Contact Us","footer_list_link":{"url":"","text":"","target":""}}],"copyright_footer_text":"","footer_link_color":"","footer_link_hover_color":"","nestbyte-footer-style":"style-two","footer_bg_color":"","footer_widget_title_color":"","footer_widget_content_color":"","footer_widget_social_icon_color":"","footer_widget_social_icon_hover_color":"","blog_title_style":{"font-family":"Inter","font-weight":"700","font-style":"","subset":"","text-transform":"","font-size":"2.5","line-height":"3","letter-spacing":"","color":"","type":"google","unit":"rem"},"blog_title_meta":{"font-family":"","font-weight":"","font-style":"","subset":"","text-transform":"","font-size":"","line-height":"","letter-spacing":"","color":"","type":"","unit":"rem"},"nestbyte_blog_grid_style":"gridstyleone","arcive_meta_style":{"font-family":"Inter","font-weight":"normal","font-style":"","subset":"","text-transform":"","font-size":"16","line-height":"24","letter-spacing":"","color":"","type":"google","unit":"px"},"arcive_title_style":{"font-family":"Inter","font-weight":"600","font-style":"","subset":"","text-transform":"","font-size":"22","line-height":"33","letter-spacing":"","color":"","type":"google","unit":"px"},"arcive_content_style":{"font-family":"Inter","font-weight":"normal","font-style":"","subset":"","text-transform":"","font-size":"16","line-height":"24","letter-spacing":"","color":"","type":"google","unit":"px"},"arcive_content_style_btn_color":{"color":"","hover":""},"opt-background-output-1":{"background-color":"","background-image":{"url":"","id":"","width":"","height":"","thumbnail":"","alt":"","title":"","description":""},"background-position":"","background-repeat":"","background-attachment":"","background-size":""},"prelated_project_on_off":"1","custom_sidebar":"","admin_logo":{"url":"","id":"","width":"","height":"","thumbnail":"","alt":"","title":"","description":""},"admin_login_style":"style1","admin_login_bg_type":"color","admin_login_bg_color":"","admin_login_bg":{"url":"","id":"","width":"","height":"","thumbnail":"","alt":"","title":"","description":""},"admin_overlay_color":"","admin_login_custom_code_setting":"","admin_login_box_color":"","admin_login_box_radius":{"top":"4","right":"4","bottom":"4","left":"4","unit":"px"},"admin_login_box_text_color":"","login_button_admin":"","login_button_admin_txt":"","login_button_admin_hvr":"","login_button_admin_txt_hvr":"","admin_login_button_radius":{"top":"4","right":"4","bottom":"4","left":"4","unit":"px"},"admin_input_fields_color":"","admin_input_field_radius":{"top":"4","right":"4","bottom":"4","left":"4","unit":"px"}}